create database ineuron_partition;

use ineuron_partition;

create table ineuron_course(
course_name varchar(50),
course_id  int(10),
course_title varchar(60),
course_desc  varchar(60),
launch_date  date,
course_fee   int,
course_mentor varchar(60),
course_launch_year int)

select * from ineuron_course;


insert into ineuron_course values('machine_learning' , 101 , 'ML', "this is ML course" ,'2019-07-07',3540,'sudhanshu',2019) ,

('aiops' , 101 , 'ML', "this is aiops course" ,'2019-07-07',3540,'sudhanshu',2019) ,
('dlcvnlp' , 101 , 'ML', "this is ML course" ,'2020-07-07',3540,'sudhanshu',2020) ,
('aws cloud' , 101 , 'ML', "this is ML course" ,'2020-07-07',3540,'sudhanshu',2020) ,
('blockchain' , 101 , 'ML', "this is ML course" ,'2021-07-07',3540,'sudhanshu',2021) ,
('RL' , 101 , 'ML', "this is ML course" ,'2022-07-07',3540,'sudhanshu',2022) ,
('Dl' , 101 , 'ML', "this is ML course" ,'2022-07-07',3540,'sudhanshu',2022) ,
('interview prep' , 101 , 'ML', "this is ML course" ,'2019-07-07',3540,'sudhanshu',2019) ,
('big data' , 101 , 'ML', "this is ML course" ,'2020-07-07',3540,'sudhanshu',2020) ,
('data analytics' , 101 , 'ML', "this is ML course" ,'2021-07-07',3540,'sudhanshu',2021) ,
('fsds' , 101 , 'ML', "this is ML course" ,'2022-07-07',3540,'sudhanshu',2022) ,
('fsda' , 101 , 'ML', "this is ML course" ,'2021-07-07',3540,'sudhanshu',2021) ,
('fabe' , 101 , 'ML', "this is ML course" ,'2022-07-07',3540,'sudhanshu',2022) ,
('java' , 101 , 'ML', "this is ML course" ,'2020-07-07',3540,'sudhanshu',2020) ,
('MERN' , 101 , 'ML', "this is ML course" ,'2019-07-07',3540,'sudhanshu',2019)  

select * from ineuron_course;

/* Partition means simply we can say deparation of data 
   
   Types of partition:- 
                       1)RANGE partitioning
                       2)HASH Partitioning
                       3)KEY Partitioning
                       4)list Partitioning
                       5)RANGE COLUMNS Partitioning
					   6)Subpartitioning
*/
/*
1) RANGE partitioning:- This type of partitioning assigns rows to partitions based on 
                        column values falling within a given range.

Execution with example below
*/

create table ineuron_course1 (
course_name varchar(50),
course_id  int(10),
course_title varchar(60),
course_desc  varchar(60),
launch_date  date,
course_fee   int,
course_mentor varchar(60),
course_launch_year int)
partition by range(course_launch_year) (
partition p0 values less than (2019),
partition p1 values less than (2020),
partition p2 values less than (2021),
partition p3 values less than (2022),
partition p4 values less than (2023));

insert into ineuron_course1 values('machine_learning' , 101 , 'ML', "this is ML course" ,'2019-07-07',3540,'sudhanshu',2019) ,

('aiops' , 101 , 'ML', "this is aiops course" ,'2019-07-07',3540,'sudhanshu',2019) ,
('dlcvnlp' , 101 , 'ML', "this is ML course" ,'2020-07-07',3540,'sudhanshu',2020) ,
('aws cloud' , 101 , 'ML', "this is ML course" ,'2020-07-07',3540,'sudhanshu',2020) ,
('blockchain' , 101 , 'ML', "this is ML course" ,'2021-07-07',3540,'sudhanshu',2021) ,
('RL' , 101 , 'ML', "this is ML course" ,'2022-07-07',3540,'sudhanshu',2022) ,
('Dl' , 101 , 'ML', "this is ML course" ,'2022-07-07',3540,'sudhanshu',2022) ,
('interview prep' , 101 , 'ML', "this is ML course" ,'2019-07-07',3540,'sudhanshu',2019) ,
('big data' , 101 , 'ML', "this is ML course" ,'2020-07-07',3540,'sudhanshu',2020) ,
('data analytics' , 101 , 'ML', "this is ML course" ,'2021-07-07',3540,'sudhanshu',2021) ,
('fsds' , 101 , 'ML', "this is ML course" ,'2022-07-07',3540,'sudhanshu',2022) ,
('fsda' , 101 , 'ML', "this is ML course" ,'2021-07-07',3540,'sudhanshu',2021) ,
('fabe' , 101 , 'ML', "this is ML course" ,'2022-07-07',3540,'sudhanshu',2022) ,
('java' , 101 , 'ML', "this is ML course" ,'2020-07-07',3540,'sudhanshu',2020) ,
('MERN' , 101 , 'ML', "this is ML course" ,'2019-07-07',3540,'sudhanshu',2019);

select * from ineuron_course1;

/* TO SEE THE INTERNAL PARTITIONS */
select partition_name,table_name,table_rows from information_schema.partitions where table_name = 'ineuron_course1';
 
select * from ineuron_course1 where course_launch_year = 2020;

/*
HASH partitioning:- A partition is selected based on the value returned by a user-defined expression that
					operates on column values in rows to be inserted into the table.The function may consist 
                    of any expression valid in MYSQL that yields an integer value.
*/

create table ineuron_course2(
course_name varchar(50),
course_id int(10),
course_title varchar(60),
course_desc varchar(80),
launch_date date,
course_fee int,
course_mentor varchar(60),
course_launch_year int)
partition by hash(course_launch_year)
partitions 10;
	

insert into ineuron_course2 values('machine_learning' , 101 , 'ML', "this is ML course" ,'2019-07-07',3540,'sudhanshu',2019) ,

('aiops' , 101 , 'ML', "this is aiops course" ,'2019-07-07',3540,'sudhanshu',2019) ,
('dlcvnlp' , 101 , 'ML', "this is ML course" ,'2020-07-07',3540,'sudhanshu',2020) ,
('aws cloud' , 101 , 'ML', "this is ML course" ,'2020-07-07',3540,'sudhanshu',2020) ,
('blockchain' , 101 , 'ML', "this is ML course" ,'2021-07-07',3540,'sudhanshu',2021) ,
('RL' , 101 , 'ML', "this is ML course" ,'2022-07-07',3540,'sudhanshu',2022) ,
('Dl' , 101 , 'ML', "this is ML course" ,'2022-07-07',3540,'sudhanshu',2022) ,
('interview prep' , 101 , 'ML', "this is ML course" ,'2019-07-07',3540,'sudhanshu',2019) ,
('big data' , 101 , 'ML', "this is ML course" ,'2020-07-07',3540,'sudhanshu',2020) ,
('data analytics' , 101 , 'ML', "this is ML course" ,'2021-07-07',3540,'sudhanshu',2021) ,
('fsds' , 101 , 'ML', "this is ML course" ,'2022-07-07',3540,'sudhanshu',2022) ,
('fsda' , 101 , 'ML', "this is ML course" ,'2021-07-07',3540,'sudhanshu',2021) ,
('fabe' , 101 , 'ML', "this is ML course" ,'2022-07-07',3540,'sudhanshu',2022) ,
('java' , 101 , 'ML', "this is ML course" ,'2020-07-07',3540,'sudhanshu',2020) ,
('MERN' , 101 , 'ML', "this is ML course" ,'2019-07-07',3540,'sudhanshu',2019) ;

select partition_name , table_name , table_rows from information_schema.partitions where table_name = 'ineuron_course2';


/* 
KEY Partitioning:- This type of partitioning is similar to partitioning by HASH, except that only one(or) more columns
				   to be evaluated are supplied, and the MYSQL server provides its own hashing function.
                   These columns can contain other than integer values, since hashing function supplied by MYSQL
                   guarantees an integers result regardless of the column data type. 
                   
*/

create table ineuron_course4(
course_name varchar(50),
course_id int(10) primary key ,
course_title varchar(60),
course_desc varchar(80),
launch_date date,
course_fee int,
course_mentor varchar(60),
course_launch_year int)
partition by key()
partitions 10;

insert into ineuron_course4 values('machine_learning' , 101 , 'ML', "this is ML course" ,'2019-07-07',3540,'sudhanshu',2019) ,

('aiops' , 102 , 'ML', "this is aiops course" ,'2019-07-07',3540,'sudhanshu',2019) ,
('dlcvnlp' , 103 , 'ML', "this is ML course" ,'2020-07-07',3540,'sudhanshu',2020) ,
('aws cloud' , 104 , 'ML', "this is ML course" ,'2020-07-07',3540,'sudhanshu',2020) ,
('blockchain' , 105, 'ML', "this is ML course" ,'2021-07-07',3540,'sudhanshu',2021) ,
('RL' , 106 , 'ML', "this is ML course" ,'2022-07-07',3540,'sudhanshu',2022) ,
('Dl' , 107 , 'ML', "this is ML course" ,'2022-07-07',3540,'sudhanshu',2022) ,
('interview prep' , 108 , 'ML', "this is ML course" ,'2019-07-07',3540,'sudhanshu',2019) ,
('big data' , 109 , 'ML', "this is ML course" ,'2020-07-07',3540,'sudhanshu',2020) ,
('data analytics' , 110 , 'ML', "this is ML course" ,'2021-07-07',3540,'sudhanshu',2021) ,
('fsds' , 1011 , 'ML', "this is ML course" ,'2022-07-07',3540,'sudhanshu',2022) ,
('fsda' , 1012 , 'ML', "this is ML course" ,'2021-07-07',3540,'sudhanshu',2021) ,
('fabe' , 1013 , 'ML', "this is ML course" ,'2022-07-07',3540,'sudhanshu',2022) ,
('java' , 1014 , 'ML', "this is ML course" ,'2020-07-07',3540,'sudhanshu',2020) ,
('MERN' , 1015 , 'ML', "this is ML course" ,'2019-07-07',3540,'sudhanshu',2019);


select partition_name , table_name , table_rows from information_schema.partitions where table_name = 'ineuron_course4';

SELECT MD5(1015);

/*
LIST Partitioning :- Similar to partitioning by RANGE, except that the partition is selected based on
                     columns matching one of a set of discrete values.
*/

create table ineuron_courses7(
course_name varchar(50) ,
course_id int(10) ,
course_title varchar(60),
course_desc varchar(80),
launch_date date,
course_fee int,
course_mentor varchar(60),
course_launch_year int)
partition by list(course_launch_year)(
partition p0 values in(2019,2020),
partition p1 values in(2022,2021)
);


insert into ineuron_courses7 values('machine_learning' , 101 , 'ML', "this is ML course" ,'2019-07-07',3540,'sudhanshu',2019) ,

('aiops' , 102 , 'ML', "this is aiops course" ,'2019-07-07',3540,'sudhanshu',2019) ,
('dlcvnlp' , 103 , 'ML', "this is ML course" ,'2020-07-07',3540,'sudhanshu',2020) ,
('aws cloud' , 104 , 'ML', "this is ML course" ,'2020-07-07',3540,'sudhanshu',2020) ,
('blockchain' , 105, 'ML', "this is ML course" ,'2021-07-07',3540,'sudhanshu',2021) ,
('RL' , 106 , 'ML', "this is ML course" ,'2022-07-07',3540,'sudhanshu',2022) ,
('Dl' , 107 , 'ML', "this is ML course" ,'2022-07-07',3540,'sudhanshu',2022) ,
('interview prep' , 108 , 'ML', "this is ML course" ,'2019-07-07',3540,'sudhanshu',2019) ,
('big data' , 109 , 'ML', "this is ML course" ,'2020-07-07',3540,'sudhanshu',2020) ,
('data analytics' , 110 , 'ML', "this is ML course" ,'2021-07-07',3540,'sudhanshu',2021) ,
('fsds' , 1011 , 'ML', "this is ML course" ,'2022-07-07',3540,'sudhanshu',2022) ,
('fsda' , 1012 , 'ML', "this is ML course" ,'2021-07-07',3540,'sudhanshu',2021) ,
('fabe' , 1013 , 'ML', "this is ML course" ,'2022-07-07',3540,'sudhanshu',2022) ,
('java' , 1014 , 'ML', "this is ML course" ,'2020-07-07',3540,'sudhanshu',2020) ,
('MERN' , 1015 , 'ML', "this is ML course" ,'2019-07-07',3540,'sudhanshu',2019);


/*
RANGE column partition :- Range column partitioning is similar to range partitioning, but enables
                          you to define partitions using ranges based on multiple column values.
                          In addition, you can define the ranges using columns of types other than
                          integer types. 
*/

create table ineuron_courses8(
course_name varchar(50) ,
course_id int(10) ,
course_title varchar(60),
course_desc varchar(80),
launch_date date,
course_fee int,
course_mentor varchar(60),
course_launch_year int)
partition by range columns(course_name ,course_id,course_launch_year )(
partition p0 values less than ('aiops',105,2019),
partition p1 values less than ('fsds' ,110,2021),
partition p2 values less than ('MERN',116,2023)
);

insert ignore into ineuron_courses8 values('machine_learning' , 101 , 'ML', "this is ML course" ,'2019-07-07',3540,'sudhanshu',2019) ,

('aiops' , 102 , 'ML', "this is aiops course" ,'2019-07-07',3540,'sudhanshu',2019) ,
('dlcvnlp' , 103 , 'ML', "this is ML course" ,'2020-07-07',3540,'sudhanshu',2020) ,
('aws cloud' , 104 , 'ML', "this is ML course" ,'2020-07-07',3540,'sudhanshu',2020) ,
('blockchain' , 105, 'ML', "this is ML course" ,'2021-07-07',3540,'sudhanshu',2021) ,
('RL' , 106 , 'ML', "this is ML course" ,'2022-07-07',3540,'sudhanshu',2022) ,
('Dl' , 107 , 'ML', "this is ML course" ,'2022-07-07',3540,'sudhanshu',2022) ,
('interview prep' , 108 , 'ML', "this is ML course" ,'2019-07-07',3540,'sudhanshu',2019) ,
('big data' , 109 , 'ML', "this is ML course" ,'2020-07-07',3540,'sudhanshu',2020) ,
('data analytics' , 110 , 'ML', "this is ML course" ,'2021-07-07',3540,'sudhanshu',2021) ,
('fsds' , 1011 , 'ML', "this is ML course" ,'2022-07-07',3540,'sudhanshu',2022) ,
('fsda' , 1012 , 'ML', "this is ML course" ,'2021-07-07',3540,'sudhanshu',2021) ,
('fabe' , 1013 , 'ML', "this is ML course" ,'2022-07-07',3540,'sudhanshu',2022) ,
('java' , 1014 , 'ML', "this is ML course" ,'2020-07-07',3540,'sudhanshu',2020) ,
('MERN' , 1015 , 'ML', "this is ML course" ,'2019-07-07',3540,'sudhanshu',2019);

select partition_name,table_name,table_rows from information_schema.partitions where table_name = 'ineuron_courses8';


/* 
LIST column partitioning :- This is a variant of LIST partitioning that enables the use of 
                            multiple columns as partition keys, and for columns of data types 
                            other than integer types to be used as partitioning columns; 
                            you can use string types, DATE, and DATETIME columns.
*/

create table ineuron_courses9(
course_name varchar(50) ,
course_id int(10) ,
course_title varchar(60),
course_desc varchar(80),
launch_date date,
course_fee int,
course_mentor varchar(60),
course_launch_year int)
partition by list columns(course_name)(
partition p0 values  in('aiops','data analytics','Dl','RL'),
partition p1 values  in('fsds' ,'big data','blockchain'),
partition p2 values  in('MERN','java','interview prep','fsda')
);

insert ignore into ineuron_courses9 values('machine_learning' , 101 , 'ML', "this is ML course" ,'2019-07-07',3540,'sudhanshu',2019) ,

('aiops' , 102 , 'ML', "this is aiops course" ,'2019-07-07',3540,'sudhanshu',2019) ,
('dlcvnlp' , 103 , 'ML', "this is ML course" ,'2020-07-07',3540,'sudhanshu',2020) ,
('aws cloud' , 104 , 'ML', "this is ML course" ,'2020-07-07',3540,'sudhanshu',2020) ,
('blockchain' , 105, 'ML', "this is ML course" ,'2021-07-07',3540,'sudhanshu',2021) ,
('RL' , 106 , 'ML', "this is ML course" ,'2022-07-07',3540,'sudhanshu',2022) ,
('Dl' , 107 , 'ML', "this is ML course" ,'2022-07-07',3540,'sudhanshu',2022) ,
('interview prep' , 108 , 'ML', "this is ML course" ,'2019-07-07',3540,'sudhanshu',2019) ,
('big data' , 109 , 'ML', "this is ML course" ,'2020-07-07',3540,'sudhanshu',2020) ,
('data analytics' , 110 , 'ML', "this is ML course" ,'2021-07-07',3540,'sudhanshu',2021) ,
('fsds' , 1011 , 'ML', "this is ML course" ,'2022-07-07',3540,'sudhanshu',2022) ,
('fsda' , 1012 , 'ML', "this is ML course" ,'2021-07-07',3540,'sudhanshu',2021) ,
('fabe' , 1013 , 'ML', "this is ML course" ,'2022-07-07',3540,'sudhanshu',2022) ,
('java' , 1014 , 'ML', "this is ML course" ,'2020-07-07',3540,'sudhanshu',2020) ,
('MERN' , 1015 , 'ML', "this is ML course" ,'2019-07-07',3540,'sudhanshu',2019);

select partition_name,table_name,table_rows from information_schema.partitions where table_name = 'ineuron_courses9';



